4391, Darth PerSa FghPerlozi, Argentina, Buenos Aires, 011-9374-2847, 7348.91
2567, Jedi Master GarKo JkoGarntol, Croatia, Zagreb, 021-472-918, 6120.33
1782, Darth LiuZh QweLiuyhan, China, Beijing, 010-38475-2938, 4892.15
3945, Jedi Master NguyTr MtrNguyndon, Vietnam, Hanoi, 024-573-9182, 5510.77
6723, Darth TanakYa XyzTanaheki, Japan, Tokyo, 03-2938-4756, 6923.44
1854, Jedi Master PatWa RtwPatrlij, India, Mumbai, 022-5739-2847, 4321.89
3091, Darth HernFe ZyxHernndez, Mexico, Guadalajara, 55-4837-1928, 5783.12
4826, Jedi Master SchmDi OipSchmabert, Germany, Berlin, 030-583729, 8540.66
1278, Darth SilvaLu VbnSilvaez, Brazil, São Paulo, 11-58493-7281, 6215.90
6542, Jedi Master KovaMa PqrKovaciv, Ukraine, Kyiv, 044-583-9274, 4987.23
8934, Darth SmitJo KlmSmitjash, UK, London, 020-5839-4728, 7654.32
2173, Jedi Master TranLe StqTrandinh, Vietnam, Ho Chi Minh City, 028-473-8192, 5321.09
5489, Darth WangXi UvwWanggmin, China, Shanghai, 021-38475-293, 4102.55
3761, Jedi Master FerNa AbeFernzoz, Argentina, Córdoba, 035-4728-1937, 6890.21
7023, Darth KovaIv XyaKovacki, Croatia, Split, 021-583-927, 5432.78
1358, Jedi Master ShevAn ZbcShevchenko, Ukraine, Lviv, 032-583-9274, 4876.12
4892, Darth SingRa DefSinghani, India, Delhi, 011-5839-4728, 6123.45
2671, Jedi Master MeyeHa GhiMeyertol, Germany, Munich, 089-583729, 7321.98
5834, Darth OliVe JklOlivarez, Brazil, Rio de Janeiro, 21-58493-7281, 5543.21
9182, Jedi Master SatoHa MnoSatohiro, Japan, Osaka, 06-2938-4756, 6890.44
3245, Darth MartJu PqrMartnez, Mexico, Monterrey, 81-4837-1928, 5321.77
6591, Jedi Master BoykAn StuBoykoll, Ukraine, Odessa, 048-583-9274, 4987.23
7823, Darth NguyPh VwxNguyunam, Vietnam, Da Nang, 023-473-8192, 5321.09
4156, Jedi Master RodrPe YzaRodrigo, Argentina, Rosario, 034-4728-1937, 6890.21
2398, Darth MüllEr ZabMüllertz, Germany, Hamburg, 040-583729, 7321.98
8765, Jedi Master PereLi CdePereski, Brazil, Salvador, 71-58493-7281, 5543.21
1932, Darth ZhenLi FghZhenlian, China, Guangzhou, 020-38475-293, 4102.55
5274, Jedi Master LopeJu IjkLopezzi, Mexico, Puebla, 222-4837-1928, 5321.77
3489, Darth IvanKo LmnIvankov, Croatia, Rijeka, 051-583-927, 5432.78
6821, Jedi Master KharTr OpqKharchenko, Ukraine, Kharkiv, 057-583-9274, 4876.12
7543, Darth KumAr QrsKumarish, India, Bangalore, 080-5839-4728, 6123.45
1298, Jedi Master NguyQu TuvNguyquang, Vietnam, Hai Phong, 022-473-8192, 5321.09
4657, Darth FernAl WxyFernndez, Argentina, Mendoza, 026-4728-1937, 6890.21
2910, Jedi Master TakaHi ZabTakahik, Japan, Yokohama, 045-2938-4756, 6890.44
8374, Darth GonzMa CdeGonzmar, Mexico, Tijuana, 664-4837-1928, 5321.77
5632, Jedi Master HorvSt DefHorvatko, Croatia, Osijek, 031-583-927, 5432.78
7189, Darth LvovAn EfgLvovski, Ukraine, Dnipro, 056-583-9274, 4876.12
2391, Jedi Master ShukLa GhiShuklani, India, Kolkata, 033-5839-4728, 6123.45
8762, Darth TranPh IjkTranphuc, Vietnam, Can Tho, 029-473-8192, 5321.09
6547, Jedi Master SantEd LmnSantoski, Brazil, Fortaleza, 85-58493-7281, 5543.21
3821, Darth ChenXi NopChenxiang, China, Shenzhen, 0755-38475-293, 4102.55
5198, Jedi Master VargJu PqrVargjuan, Argentina, La Plata, 022-4728-1937, 6890.21
7453, Darth SchrFi StuSchrfert, Germany, Frankfurt, 069-583729, 7321.98
1987, Jedi Master NguynTh VwxNguynthi, Vietnam, Hue, 054-473-8192, 5321.09
6325, Darth BabiMa YzaBabicmar, Croatia, Zadar, 023-583-927, 5432.78
2874, Jedi Master DubeRa AbcDubeeraj, India, Chennai, 044-5839-4728, 6123.45
4698, Darth AlvaEd CdeAlvaedez, Mexico, León, 477-4837-1928, 5321.77
8532, Jedi Master WangJi FghWangjin, China, Wuhan, 027-38475-293, 4102.55
1293, Darth SmirNo IjkSmirnovi, Ukraine, Zaporizhzhia, 061-583-9274, 4876.12
7561, Jedi Master RivePe LmnRivepez, Argentina, Tucumán, 038-4728-1937, 6890.21
3948, Darth SaitKo OpqSaitokov, Japan, Nagoya, 052-2938-4756, 6890.44
6729, Jedi Master HernMa QrsHernmar, Mexico, Ciudad Juárez, 656-4837-1928, 5321.77
2385, Darth PetroSt TuvPetrostro, Ukraine, Luhansk, 064-583-9274, 4876.12
9174, Jedi Master DeshPa WxyDeshpand, India, Hyderabad, 040-5839-4728, 6123.45
5638, Darth NgoTr ZabNgotrung, Vietnam, Nha Trang, 025-473-8192, 5321.09
4823, Jedi Master CaroLi CdeCaroliso, Brazil, Belo Horizonte, 31-58493-7281, 5543.21
7591, Darth YamaHa DefYamahiro, Japan, Fukuoka, 092-2938-4756, 6890.44
3167, Jedi Master GutlEr EfgGutlertz, Germany, Stuttgart, 071-583729, 7321.98
8945, Darth KrasNo GhiKrasnov, Ukraine, Mykolaiv, 051-583-9274, 4876.12
2376, Jedi Master RiosJu IjkRiosjuan, Argentina, Mar del Plata, 022-4728-1937, 6890.21
6829, Darth ThakUr LmnThakurani, India, Pune, 020-5839-4728, 6123.45
1534, Jedi Master PhamQu OpqPhamquan, Vietnam, Vinh, 023-473-8192, 5321.09
4782, Darth VargAl PqrVargalva, Mexico, Mérida, 999-4837-1928, 5321.77
6198, Jedi Master XuLi StuXulishi, China, Tianjin, 022-38475-293, 4102.55
8327, Darth MarkoT VwxMarkoto, Croatia, Dubrovnik, 020-583-927, 5432.78
2951, Jedi Master NaraYa YzaNarayani, India, Ahmedabad, 079-5839-4728, 6123.45
7643, Darth DaoTr ZabDaotrong, Vietnam, Buôn Ma Thuột, 026-473-8192, 5321.09
4895, Jedi Master SantOs CdeSantosov, Brazil, Curitiba, 41-58493-7281, 5543.21
3176, Darth SugaWa DefSugawara, Japan, Sapporo, 011-2938-4756, 6890.44
8529, Jedi Master WeisBe EfgWeisberg, Germany, Cologne, 022-583729, 7321.98
1945, Darth ZubcKo GhiZubchenko, Ukraine, Vinnytsia, 043-583-9274, 4876.12
7623, Jedi Master RamOs IjkRamosjos, Mexico, Querétaro, 442-4837-1928, 5321.77
5398, Darth HuynPh LmnHuynphuc, Vietnam, Đà Lạt, 026-473-8192, 5321.09
2876, Jedi Master ReddYo OpqReddyoji, India, Surat, 026-5839-4728, 6123.45
6532, Darth VukoJe PqrVukojeli, Croatia, Sisak, 044-583-927, 5432.78
9187, Jedi Master GuoSa StuGuosheng, China, Chengdu, 028-38475-293, 4102.55
4291, Darth AlmeDa VwxAlmedazov, Brazil, Recife, 81-58493-7281, 5543.21
5763, Jedi Master KovaMi YzaKovamir, Ukraine, Chernihiv, 046-583-9274, 4876.12
2394, Darth TranNg ZabTranngoc, Vietnam, Thái Nguyên, 028-473-8192, 5321.09
6851, Jedi Master AguFr CdeAguferna, Argentina, Salta, 038-4728-1937, 6890.21
3942, Darth NisHi DefNishihar, Japan, Kobe, 078-2938-4756, 6890.44
7629, Jedi Master BauEr EfgBauermann, Germany, Düsseldorf, 021-583729, 7321.98
5187, Darth PatEl GhiPatelish, India, Jaipur, 014-5839-4728, 6123.45
2395, Jedi Master NguyVi IjkNguyviet, Vietnam, Biên Hòa, 025-473-8192, 5321.09
6724, Darth HernRa LmnHernrade, Mexico, Toluca, 722-4837-1928, 5321.77
4896, Jedi Master LiZh OpqLizhihao, China, Xi'an, 029-38475-293, 4102.55
3189, Darth PopoVi PqrPopovicc, Croatia, Varaždin, 042-583-927, 5432.78
8523, Jedi Master ShukSe StuShuksena, India, Lucknow, 052-5839-4728, 6123.45
9173, Darth PhanLe VwxPhanleho, Vietnam, Hạ Long, 020-473-8192, 5321.09
6541, Jedi Master SantIz YzaSantizto, Brazil, Manaus, 92-58493-7281, 5543.21
2396, Darth SuzuKi ZabSuzukio, Japan, Hiroshima, 082-2938-4756, 6890.44
5768, Jedi Master VossEr CdeVossertol, Germany, Leipzig, 034-583729, 7321.98
2397, Darth MelnYk DefMelnkyko, Ukraine, Kherson, 055-583-9274, 4876.12
2398, Jedi Master RojAs EfgRojasmar, Mexico, Chihuahua, 614-4837-1928, 5321.77
2399, Darth ZhangWe GhiZhangwen, China, Hangzhou, 057-38475-293, 4102.55
2400, Jedi Master KovaSn IjkKovasnic, Croatia, Karlovac, 047-583-927, 5432.78
4897, Jedi Master SaiFoc DiaScobraf, Brazil, Lins, 14-25365-7805, 6245.52
4894, Darth BaDuge Sopscodabr, Brazil, Anapolis, 64-85895-9863, 2580.85
3258, Darth MrAdma Opopkseish, Brazil, Pederneiras, 14-8522-2475, 3265.87
1300, Jedi Master PolDua Pekinseome, Brazil, Taiobeiras, 35-78747-4875, 3985.98
